date,post_count,total_impressions,total_engagement,avg_sentiment
2024-01-22,2,11,1,-2.5
2024-01-23,8,61,0,0.625
2024-01-24,7,1515,15,1.4285714285714286
2024-01-25,3,0,0,-3.3333333333333335
2024-01-26,16,5331,10,0.625
2024-01-27,3,8385,45,0.0
2024-01-28,7,7849,1,2.142857142857143
2024-01-29,5,19944,115,-1.0
2024-01-30,3,149,1,1.6666666666666667
2024-01-31,6,1800,8,1.6666666666666667
2024-02-01,6,153,7,0.8333333333333334
2024-02-02,11,1837,10,2.727272727272727
2024-02-03,5,22,0,0.0
2024-02-04,4,188,9,2.5
2024-02-05,5,60,2,4.0
2024-02-06,3,43,3,-1.6666666666666667
2024-02-07,5,34,2,2.0
2024-02-08,8,19,2,1.25
2024-02-09,7,41,0,-2.142857142857143
2024-02-10,3,31,0,0.0
2024-02-11,6,473,0,1.6666666666666667
2024-02-12,2,15,3,-2.5
2024-02-13,6,44222,155,2.5
2024-02-14,1,0,0,5.0
2024-02-15,4,73,2,1.25
2024-02-16,2,0,0,0.0
2024-02-17,1,40,2,5.0
2024-02-18,3,6,0,1.6666666666666667
2024-02-19,2,0,1,0.0
2024-02-20,4,1931,72,-1.25
2024-02-21,2,0,0,-2.5
2024-02-22,3,78,0,3.3333333333333335
2024-02-23,6,82,2,-2.5
2024-02-24,1,0,0,0.0
2024-02-25,2,116,11,-5.0
2024-02-26,1,15,0,-5.0
2024-02-27,5,4561,0,2.0
2024-02-28,1,0,0,0.0
2024-02-29,5,200,21,0.0
2024-03-01,9,1564,9,0.0
2024-03-02,9,11814,58,2.2222222222222223
2024-03-03,5,1672,5,0.0
2024-03-04,2,0,0,-2.5
2024-03-05,12,29233,65,0.4166666666666667
2024-03-06,3,1883,0,0.0
2024-03-07,8,203,11,0.0
2024-03-08,2,223,6,-2.5
2024-03-09,7,186,6,0.0
2024-03-10,12,1537,23,0.8333333333333334
2024-03-11,4,391,0,2.5
2024-03-12,4,233,13,-1.25
2024-03-13,6,2,0,-2.5
2024-03-14,5,365,1,1.0
2024-03-15,4,63,0,0.0
2024-03-16,2,0,0,-2.5
2024-03-17,4,4746,9,1.25
2024-03-18,11,320,5,2.727272727272727
2024-03-19,3,99,0,0.0
2024-03-20,1,0,0,5.0
2024-03-21,3,2868,81,1.6666666666666667
2024-03-22,5,117,2,-2.0
2024-03-23,5,102,0,1.0
2024-03-24,5,582,0,1.0
2024-03-25,4,62,0,0.0
2024-03-26,5,11427,58,1.0
2024-03-27,4,61,0,0.0
2024-03-28,3,0,0,0.0
2024-03-29,5,56180,1056,-1.0
2024-03-30,14,9188,39,0.0
2024-03-31,2,41,4,2.5
2024-04-01,2,0,0,-2.5
2024-04-02,7,1271,4,0.7142857142857143
2024-04-03,2,84,18,0.0
2024-04-04,7,1436,1,-2.142857142857143
2024-04-05,1,0,1,5.0
2024-04-06,4,5,0,0.0
2024-04-07,4,542,0,-2.5
2024-04-08,4,62,0,-1.25
2024-04-09,2,46,0,-5.0
2024-04-10,4,2274,58,-1.25
2024-04-11,8,439,12,-1.25
2024-04-12,3,737,26,1.6666666666666667
2024-04-13,8,312,28,0.625
2024-04-14,7,3952,21,4.285714285714286
2024-04-15,6,885,8,-4.166666666666667
2024-04-16,8,27179,4,3.125
2024-04-17,11,11570,84,1.8181818181818181
2024-04-18,9,3199,73,2.2222222222222223
2024-04-19,4,2,0,0.0
2024-04-20,6,780,7,-0.8333333333333334
2024-04-21,7,8562,90,-1.4285714285714286
2024-04-22,5,15,0,0.0
2024-04-23,8,3119,5,-1.875
2024-04-24,5,1467,0,-1.0
2024-04-25,4,16199,0,0.0
2024-04-26,8,10878,22,-1.875
2024-04-27,13,1162,9,-2.3076923076923075
2024-04-28,8,2923,6,-2.5
2024-04-29,1,24,2,-5.0
2024-04-30,6,1421,48,0.8333333333333334
2024-05-01,8,5429,4,-1.875
2024-05-02,6,7703,58,2.5
2024-05-03,4,4366,1,1.25
2024-05-04,4,186,7,0.0
2024-05-05,3,1,0,1.6666666666666667
2024-05-07,1,0,0,0.0
2024-05-08,10,1541,0,-0.5
2024-05-09,3,3154,0,3.3333333333333335
2024-05-10,4,1733,7,-2.5
2024-05-11,1,52,0,5.0
2024-05-12,5,15538,4,3.0
2024-05-13,4,0,0,-2.5
2024-05-14,29,264121,2167,3.4482758620689653
2024-05-15,3,26,0,-3.3333333333333335
2024-05-16,3,43,0,1.6666666666666667
2024-05-17,6,376,13,-0.8333333333333334
2024-05-18,5,251,8,-1.0
2024-05-19,3,38,0,0.0
2024-05-20,5,32,0,1.0
2024-05-21,4,5,0,2.5
2024-05-22,5,0,0,4.0
2024-05-23,7,1,0,-1.4285714285714286
2024-05-24,3,3484,41,1.6666666666666667
2024-05-25,10,2501,4,0.5
2024-05-26,1,55,3,-5.0
2024-05-27,9,2162,27,0.5555555555555556
2024-05-28,5,1846,3,0.0
2024-05-29,7,0,0,0.0
2024-05-30,1,2853,2,0.0
2024-05-31,6,2,0,-1.6666666666666667
2024-06-01,4,2383,0,3.75
2024-06-02,3,799,2,1.6666666666666667
2024-06-03,6,0,0,0.8333333333333334
2024-06-04,4,2,0,2.5
2024-06-05,7,3271,22,-2.857142857142857
2024-06-06,2,0,0,0.0
2024-06-07,8,85,0,1.875
2024-06-08,3,156,14,0.0
2024-06-09,2,101,0,0.0
2024-06-10,11,2119,330,0.0
2024-06-11,4,5374,41,-2.5
2024-06-12,4,2215,22,1.25
2024-06-13,5,26,4,0.0
2024-06-14,114,74505,1353,0.4824561403508772
2024-06-15,69,15833,850,-1.3768115942028984
2024-06-16,19,8169,14,-0.7894736842105263
2024-06-17,7,117,0,-1.4285714285714286
2024-06-18,13,1824,15,-2.6923076923076925
2024-06-19,8,305,1,-2.5
2024-06-20,6,84,1,0.0
2024-06-21,6,2030,8,0.8333333333333334
2024-06-22,1,0,0,5.0
2024-06-23,4,6658,76,-2.5
2024-06-24,5,266,0,-1.0
2024-06-25,5,0,0,2.0
2024-06-26,8,403,5,-1.25
2024-06-27,11,1779,0,1.8181818181818181
2024-06-28,3,1620,6,0.0
2024-06-29,10,2542,2,0.0
2024-06-30,11,212,3,0.45454545454545453
2024-07-01,5,186,13,-2.0
2024-07-02,2,15,0,0.0
2024-07-03,4,15239,223,-1.25
2024-07-04,3,0,0,0.0
2024-07-05,16,2286,5,-0.9375
2024-07-06,6,207,8,-2.5
2024-07-07,3,4002,8,-3.3333333333333335
2024-07-08,8,146,7,0.625
2024-07-09,4,250,0,1.25
2024-07-10,4,11,18,1.25
2024-07-11,2,0,0,-2.5
2024-07-12,6,0,0,-0.8333333333333334
2024-07-13,10,0,0,0.5
2024-07-14,5,20230,79,1.0
2024-07-15,3,1,0,-3.3333333333333335
2024-07-16,31,399683,4937,-3.870967741935484
2024-07-17,50,124,11,-4.5
2024-07-18,10,28,19,-3.5
2024-07-19,10,64,5,-2.5
2024-07-20,2,0,0,2.5
2024-07-21,5,1107,38,4.0
2024-07-22,7,0,0,-1.4285714285714286
2024-07-23,1,0,0,0.0
2024-07-24,7,1704,7,-0.7142857142857143
2024-07-25,8,0,1,1.25
2024-07-26,2,13,1,0.0
2024-07-27,3,2,0,-3.3333333333333335
2024-07-28,5,1,0,-2.0
2024-07-29,7,7952,69,-0.7142857142857143
2024-07-30,2,0,0,-2.5
2024-07-31,9,221,38,-1.6666666666666667
2024-08-01,5,0,0,-1.0
2024-08-02,3,0,0,3.3333333333333335
2024-08-03,7,58692,128,0.0
2024-08-04,5,484,16,-1.0
2024-08-05,5,0,2,-2.0
2024-08-06,4,1,0,3.75
2024-08-07,7,2898,53,-0.7142857142857143
2024-08-08,7,22,2,2.857142857142857
2024-08-09,1,0,0,0.0
2024-08-10,3,95,26,-1.6666666666666667
2024-08-11,2,6836,71,-5.0
2024-08-12,4,401,14,-3.75
2024-08-13,3,0,2,0.0
2024-08-14,5,2890,25,1.0
2024-08-15,4,36,4,-3.75
2024-08-16,3,0,0,1.6666666666666667
2024-08-17,5,0,0,2.0
2024-08-18,4,0,14,1.25
2024-08-19,7,901,14,1.4285714285714286
2024-08-20,6,87,11,0.0
2024-08-21,4,743,36,0.0
2024-08-22,59,8941,111,-3.559322033898305
2024-08-23,290,191460,2159,-3.7413793103448274
2024-08-24,37,9878,39,-2.8378378378378377
2024-08-25,6,112,12,-1.6666666666666667
2024-08-26,17,4769,62,0.0
2024-08-27,6,3447,26,0.8333333333333334
2024-08-28,5,916,20,-2.0
2024-08-29,3,58,14,0.0
2024-08-30,4,461,27,-2.5
2024-08-31,2,184,6,0.0
2024-09-01,3,215,12,0.0
2024-09-02,3,0,0,3.3333333333333335
2024-09-03,3,5328,36,1.6666666666666667
2024-09-04,6,4793,80,-0.8333333333333334
2024-09-05,10,1876,16,-3.5
2024-09-06,10,22699,631,-3.5
2024-09-07,7,721,16,-2.857142857142857
2024-09-08,1,0,0,-5.0
2024-09-09,6,988,28,-3.3333333333333335
2024-09-10,4,319,8,2.5
2024-09-11,6,1551,20,0.8333333333333334
2024-09-12,12,33954,79,-2.0833333333333335
2024-09-13,7,167,12,0.0
2024-09-14,5,1488,50,-2.0
2024-09-15,4,1455,12,1.25
2024-09-16,3,0,0,1.6666666666666667
2024-09-17,6,2605,20,-2.5
2024-09-18,4,3005,36,-2.5
2024-09-19,8,3551,12,0.0
2024-09-20,2,240,5,0.0
2024-09-21,3,2281,47,-1.6666666666666667
2024-09-22,4,705,12,1.25
2024-09-23,3,891,16,0.0
2024-09-24,4,1395,14,0.0
2024-09-25,3,632,17,0.0
2024-09-26,2,482,23,5.0
2024-09-27,3,4,4,-1.6666666666666667
2024-09-28,4,1906,12,0.0
2024-09-29,5,8,3,-1.0
2024-09-30,1,0,0,-5.0
2024-10-01,3,1446,15,-5.0
2024-10-02,6,1561,23,-0.8333333333333334
2024-10-03,3,84,2,0.0
2024-10-04,6,118495,388,-4.166666666666667
2024-10-05,5,89,6,1.0
2024-10-07,4,288,15,0.0
2024-10-08,6,1069,5,-2.5
2024-10-09,7,174,8,-3.5714285714285716
2024-10-10,5,1334,22,-2.0
2024-10-11,4,78,3,-2.5
2024-10-12,2,444,2,0.0
2024-10-13,4,2270,8,0.0
2024-10-14,3,19,4,-3.3333333333333335
2024-10-15,2,29,6,-2.5
2024-10-16,4,376,13,0.0
2024-10-17,5,909,14,0.0
2024-10-18,8,1978,25,0.625
2024-10-19,3,39,5,1.6666666666666667
2024-10-20,10,40,11,-3.5
2024-10-21,4,4740,34,0.0
2024-10-22,4,116,8,-1.25
2024-10-23,1,847,6,0.0
2024-10-24,3,3828,20,-5.0
2024-10-25,4,3014,9,1.25
2024-10-26,15,5003,40,1.0
2024-10-27,7,91,5,2.142857142857143
2024-10-28,9,1840,10,0.5555555555555556
2024-10-29,4,35,3,2.5
2024-10-30,5,1049,27,-1.0
2024-10-31,4,3042,8,3.75
2024-11-01,8,874,8,0.625
2024-11-02,9,249,27,0.5555555555555556
2024-11-03,5,1290,16,1.0
2024-11-04,3,54,6,3.3333333333333335
2024-11-05,5,9630,137,-3.0
2024-11-06,5,17267,54,1.0
2024-11-07,5,0,0,1.0
2024-11-08,3,0,0,1.6666666666666667
2024-11-09,3,297,15,-3.3333333333333335
2024-11-10,2,0,0,-5.0
2024-11-11,9,430,6,0.0
2024-11-12,5,440,4,0.0
2024-11-13,2,8,1,-2.5
2024-11-14,10,15899,68,-0.5
2024-11-15,7,857,15,-3.5714285714285716
2024-11-16,2,7,2,0.0
2024-11-17,6,1009,12,-2.5
2024-11-18,3,584,27,0.0
2024-11-19,2,10,2,5.0
2024-11-20,2,75,3,5.0
2024-11-21,9,2140,25,0.5555555555555556
2024-11-22,4,27,2,-1.25
2024-11-23,16,3274,25,2.1875
2024-11-24,10,2,1,-1.0
2024-11-25,4,1415,12,-2.5
2024-11-26,27,10100,157,2.2222222222222223
2024-11-27,13,2585,28,0.38461538461538464
2024-11-28,4,10282,44,-3.75
2024-11-29,3,211,1,1.6666666666666667
2024-11-30,5,2896,26,4.0
2024-12-01,3,59,4,-1.6666666666666667
2024-12-02,3,0,0,-1.6666666666666667
2024-12-03,5,9127,29,3.0
2024-12-04,13,269500,3319,-1.1538461538461537
2024-12-05,20,5274,94,0.25
2024-12-06,6,4976,62,1.6666666666666667
2024-12-07,3,76682,233,5.0
2024-12-08,6,844,17,-2.5
2024-12-09,5,626,11,-4.0
2024-12-10,2,0,0,-5.0
2024-12-11,7,2705,31,-2.142857142857143
2024-12-12,6,4106,117,0.0
2024-12-13,2,1072,7,2.5
2024-12-14,7,21417,103,-1.4285714285714286
2024-12-15,3,11614,75,0.0
2024-12-16,42,347026,10168,-2.9761904761904763
2024-12-17,30,544,23,-3.3333333333333335
2024-12-18,13,49670,1201,-1.5384615384615385
2024-12-19,15,27968,233,-1.0
2024-12-20,16,421485,18796,-3.125
2024-12-21,74,39124,868,-3.3783783783783785
2024-12-22,21,212,11,-0.47619047619047616
2024-12-23,18,2917,42,-3.3333333333333335
2024-12-24,7,1196,11,1.4285714285714286
2024-12-25,5,2197,7,2.0
2024-12-26,2,3938,41,-2.5
2024-12-27,1,36,2,0.0
2024-12-28,3,28,9,0.0
2024-12-29,3,471,21,0.0
2024-12-30,3,173,6,0.0
2024-12-31,54,15406,97,-3.888888888888889
2025-01-01,19,3821,70,-3.4210526315789473
2025-01-02,8,6627,26,-0.625
2025-01-03,13,1342,21,-1.1538461538461537
2025-01-04,3,245,3,0.0
2025-01-05,12,538,18,2.0833333333333335
2025-01-06,7,1384,34,1.4285714285714286
2025-01-07,6,3343,191,0.0
2025-01-08,1,0,0,-5.0
2025-01-09,24,107318,1697,-4.583333333333333
2025-01-10,3,149,4,-5.0
2025-01-11,3,8,3,0.0
2025-01-12,2,61,3,-5.0
2025-01-13,6,360,6,-2.5
2025-01-14,3,1001,8,-1.6666666666666667
2025-01-15,5,448,20,-2.0
2025-01-16,1,0,0,0.0
2025-01-17,3,15323,682,0.0
2025-01-18,3,19,2,1.6666666666666667
2025-01-19,4,396,16,-1.25
2025-01-20,4,209,8,1.25
2025-01-21,4,1765,44,0.0
2025-01-22,2,1863,29,0.0
2025-01-23,4,5047,14,-1.25
2025-01-24,4,1344,6,1.25
2025-01-25,2,5,4,2.5
2025-01-26,2,101,12,0.0
2025-01-27,4,0,0,0.0
2025-01-28,4,47724,961,1.25
2025-01-29,4,1201,7,-3.75
2025-01-30,9,26029,48,-1.1111111111111112
2025-01-31,29,178736,3961,-0.6896551724137931
2025-02-01,5,399,65,-2.0
2025-02-02,12,3915,84,-2.0833333333333335
2025-02-03,7,931,15,0.0
2025-02-04,7,170094,43,-0.7142857142857143
2025-02-05,15,6223,475,-0.3333333333333333
2025-02-06,6,3846,25,0.0
2025-02-07,6,106,4,0.0
2025-02-08,2,0,0,-5.0
2025-02-09,19,16735,69,-1.3157894736842106
2025-02-10,8,5671,43,-1.25
2025-02-11,4,481,5,0.0
2025-02-12,3,9800,289,-3.3333333333333335
2025-02-13,1,0,0,0.0
2025-02-14,19,27850,1027,-2.8947368421052633
2025-02-15,12,6222,31,-2.0833333333333335
2025-02-16,5,553,74,-5.0
2025-02-17,8,4008,185,0.0
2025-02-18,6,145,5,0.8333333333333334
2025-02-19,5,12224,144,1.0
2025-02-20,5,22,11,1.0
2025-02-21,4,2773,5,0.0
2025-02-23,3,0,0,1.6666666666666667
2025-02-24,5,303,4,1.0
2025-02-25,12,5192,138,-3.3333333333333335
2025-02-26,12,20,3,-2.9166666666666665
2025-02-27,8,6612,50,-5.0
2025-02-28,12,1283,22,-0.4166666666666667
2025-03-01,5,596,13,-1.0
2025-03-02,10,3605,45,-1.5
2025-03-03,4,486,2,0.0
2025-03-04,4,13357,253,0.0
2025-03-05,1,0,1,5.0
2025-03-06,6,8858,85,-2.5
2025-03-07,5,428,16,1.0
2025-03-08,27,133780,484,-4.2592592592592595
2025-03-09,19,1331,31,-3.4210526315789473
2025-03-10,9,952,17,1.1111111111111112
2025-03-11,5,388,12,-1.0
2025-03-12,7,2444,22,-0.7142857142857143
2025-03-13,8,16843,429,-1.25
2025-03-14,6,1067,32,-1.6666666666666667
2025-03-15,3,17703,448,0.0
2025-03-17,6,4146,21,0.0
2025-03-18,1,12684,57,5.0
2025-03-19,19,40977,413,2.1052631578947367
2025-03-20,7,4008,57,-0.7142857142857143
2025-03-21,12,2581,80,-0.4166666666666667
2025-03-22,5,17007,54,-1.0
2025-03-23,4,7,3,2.5
2025-03-24,7,566,7,1.4285714285714286
2025-03-25,1,0,0,0.0
2025-03-26,4,13,2,3.75
2025-03-27,4,794,15,0.0
2025-03-28,8,1962,16,1.875
2025-03-29,11,811,22,-4.545454545454546
2025-03-30,11,39847,230,-4.545454545454546
2025-03-31,10,1224,27,-2.0
2025-04-01,6,2713,9,0.8333333333333334
2025-04-02,5,3009,4,1.0
2025-04-03,3,1728,10,0.0
2025-04-04,4,118,8,-1.25
2025-04-05,4,9696,321,-1.25
2025-04-06,2,433,4,0.0
2025-04-07,2,17,1,-2.5
2025-04-08,9,5491,33,1.6666666666666667
2025-04-09,14,1873,19,-0.35714285714285715
2025-04-10,2,245,4,2.5
2025-04-11,2,2,1,0.0
2025-04-12,3,469,12,-1.6666666666666667
2025-04-13,4,684,2,1.25
2025-04-14,1,41,3,0.0
2025-04-15,7,37,3,-3.5714285714285716
2025-04-16,6,92,9,-1.6666666666666667
2025-04-17,3,6,1,-3.3333333333333335
2025-04-18,2,0,0,-2.5
2025-04-19,2,14,1,-2.5
2025-04-20,4,0,0,0.0
2025-04-21,1,0,0,-5.0
2025-04-23,3,552,12,1.6666666666666667
2025-04-24,6,221,4,4.166666666666667
2025-04-25,1,0,0,0.0
2025-04-26,3,142,4,0.0
2025-04-27,6,703,9,-2.5
2025-04-28,7,258,7,0.7142857142857143
2025-04-29,4,42657,306,-3.75
2025-04-30,33,2032443,7393,-4.545454545454546
2025-05-01,17,376,18,-4.411764705882353
2025-05-02,5,607,31,-3.0
2025-05-03,4,406,7,0.0
2025-05-04,5,1187,18,-1.0
2025-05-05,11,572,13,-1.8181818181818181
2025-05-06,5,1165,37,-1.0
2025-05-07,9,2069,14,1.1111111111111112
2025-05-08,5,39994,1943,2.0
2025-05-09,9,1302,47,1.1111111111111112
2025-05-10,5,7565,12,-2.0
2025-05-11,2,88,4,2.5
2025-05-12,7,10581,31,-1.4285714285714286
2025-05-13,2,70,3,-2.5
2025-05-15,6,0,0,0.0
2025-05-16,92,5857233,74904,-4.728260869565218
2025-05-17,97,5111,96,-4.690721649484536
2025-05-18,20,1203,7,-2.5
2025-05-19,10,7039,12,-2.5
2025-05-20,13,514,40,-1.9230769230769231
2025-05-21,4,1821,22,1.25
2025-05-22,2,11,1,-2.5
2025-05-23,8,1238,32,-0.625
2025-05-24,4,527,21,2.5
2025-05-25,1,712,11,0.0
2025-05-26,6,3146,31,-0.8333333333333334
2025-05-27,3,29,2,3.3333333333333335
2025-05-28,5,12486,11,0.0
2025-05-29,9,1566,43,-2.2222222222222223
2025-05-30,4,88,3,2.5
2025-05-31,17,25596,199,-1.4705882352941178
2025-06-01,17,179,10,-1.7647058823529411
2025-06-02,8,9,2,-2.5
2025-06-03,23,1959,51,-2.8260869565217392
2025-06-04,13,6159,61,-3.076923076923077
2025-06-05,2,0,0,5.0
2025-06-06,4,2230,52,-2.5
2025-06-07,8,17004,85,-0.625
2025-06-08,3,50,5,0.0
2025-06-09,3,0,1,0.0
2025-06-10,1,11,2,5.0
2025-06-11,8,5524,23,0.0
2025-06-12,4,300,2,1.25
2025-06-13,5,35,3,1.0
2025-06-14,3,6,2,-3.3333333333333335
2025-06-15,2,150,4,0.0
2025-06-16,6,1872,30,1.6666666666666667
2025-06-17,9,1254,13,0.5555555555555556
2025-06-18,5,1699,62,3.0
2025-06-19,3,34,4,-3.3333333333333335
2025-06-20,1,13,2,-5.0
2025-06-21,1,0,0,0.0
2025-06-23,5,140,7,1.0
2025-06-24,2,482,30,-2.5
2025-06-25,3,70,4,1.6666666666666667
2025-06-26,4,7410,103,0.0
2025-06-27,3,5,1,-1.6666666666666667
2025-06-28,8,91263,790,-1.25
2025-06-29,2,388,4,0.0
2025-06-30,4,790,7,0.0
2025-07-01,46,50623,738,-1.0869565217391304
2025-07-02,4,628,31,-1.25
2025-07-03,13,6787,103,0.0
2025-07-04,6,719,28,-2.5
2025-07-05,6,393,22,0.8333333333333334
2025-07-06,7,9508,266,-2.857142857142857
2025-07-07,2,301,8,-5.0
2025-07-08,6,2123,41,2.5
2025-07-09,2,690,14,0.0
2025-07-10,7,3462,25,-1.4285714285714286
2025-07-11,4,2625,13,0.0
2025-07-12,5,1518,11,1.0
2025-07-13,7,2684,30,0.0
2025-07-14,8,8200,42,-1.25
2025-07-15,2,3,3,-2.5
2025-07-16,2,3271,9,2.5
2025-07-17,4,3392,17,-1.25
2025-07-18,6,807,20,-1.6666666666666667
2025-07-19,1,137,2,5.0
2025-07-20,12,7683,60,-2.5
2025-07-21,4,3788,10,-1.25
2025-07-22,4,449,7,0.0
2025-07-23,6,0,1,0.8333333333333334
2025-07-24,5,4462,39,-4.0
2025-07-25,5,35253,78,1.0
2025-07-26,5,671,25,-1.0
2025-07-27,1,53,5,-5.0
2025-07-28,23,6952,99,-0.6521739130434783
2025-07-29,3,0,0,-1.6666666666666667
2025-07-31,6,67,10,-4.166666666666667
2025-08-01,5,2152,23,1.0
2025-08-02,4,173,3,-1.25
2025-08-03,4,18686,302,0.0
2025-08-04,10,2095,28,1.5
2025-08-05,8,2004,13,-1.25
2025-08-06,6,4458,43,0.0
2025-08-07,12,71,1,-2.5
2025-08-08,6,1446,56,-2.5
2025-08-09,20,6675,348,-1.75
2025-08-10,6,428,8,-1.6666666666666667
2025-08-11,3,4900,16,1.6666666666666667
2025-08-12,4,189,5,-2.5
2025-08-13,6,3201,30,-1.6666666666666667
2025-08-14,4,53,2,-1.25
2025-08-15,6,0,0,-0.8333333333333334
2025-08-16,6,631,12,-4.166666666666667
2025-08-17,9,5570,107,0.0
2025-08-18,9,6238,48,0.0
2025-08-19,8,466,9,1.875
2025-08-20,14,4538,42,-1.0714285714285714
2025-08-21,2,12,3,0.0
2025-08-22,2,1117,13,0.0
2025-08-23,9,2079,20,-0.5555555555555556
2025-08-24,7,1770,29,0.0
2025-08-25,7,3177,19,2.142857142857143
2025-08-26,9,669,53,-3.3333333333333335
2025-08-27,2,31,2,-2.5
2025-08-28,6,831,19,0.0
2025-08-29,7,19901,673,-1.4285714285714286
2025-08-30,5,39045,294,-1.0
2025-08-31,2,0,0,2.5
2025-09-01,4,3721,22,-1.25
2025-09-02,6,366,26,0.0
2025-09-03,2,0,0,2.5
2025-09-04,2,13,1,0.0
2025-09-05,10,6741,174,-3.5
2025-09-06,3,3069,12,-1.6666666666666667
2025-09-07,2,27,1,2.5
2025-09-08,6,2115,10,-0.8333333333333334
2025-09-09,2,26393,335,0.0
2025-09-11,5,1140,4,-3.0
2025-09-12,3,18317,56,3.3333333333333335
2025-09-13,2,1510,6,-2.5
2025-09-14,2,6,1,-5.0
2025-09-15,1,303,12,5.0
2025-09-16,7,1838,14,1.4285714285714286
2025-09-17,2,0,0,0.0
2025-09-18,10,1360,37,0.0
2025-09-20,4,1151,14,-3.75
2025-09-21,2,4,1,-2.5
2025-09-22,3,268,22,-3.3333333333333335
2025-09-23,2,17,2,2.5
2025-09-24,7,212,16,-1.4285714285714286
2025-09-25,5,501,36,0.0
2025-09-26,9,1039,23,1.6666666666666667
2025-09-27,8,1142,8,-0.625
2025-09-28,4,2678,10,1.25
2025-09-29,4,119,10,-3.75
2025-09-30,3,427,10,0.0
2025-10-01,4,522,6,-2.5
2025-10-02,2,1886,106,0.0
2025-10-03,4,0,0,0.0
2025-10-04,2,479,5,2.5
2025-10-06,2,11,3,-2.5
2025-10-07,4,132,1,1.25
2025-10-08,14,5989320,5787,0.7142857142857143
2025-10-09,63,4127873,162897,0.6349206349206349
2025-10-10,50,14014,266,0.1
2025-10-11,10,89138,1139,-0.5
2025-10-12,4,28,3,2.5
2025-10-13,6,53,6,-0.8333333333333334
2025-10-14,5,538,22,0.0
2025-10-15,3,0,0,1.6666666666666667
2025-10-16,3,10240,11,-3.3333333333333335
2025-10-17,6,3624,34,-3.3333333333333335
2025-10-18,7,648,13,2.142857142857143
2025-10-19,1,277,10,-5.0
2025-10-20,3,315,8,-1.6666666666666667
2025-10-21,1,71,1,5.0
2025-10-22,3,226,3,-1.6666666666666667
2025-10-23,7,577,17,-3.5714285714285716
2025-10-24,4,13,9,-2.5
2025-10-25,2,183,2,-2.5
2025-10-26,1,997,13,-5.0
2025-10-27,8,1993,35,-1.25
2025-10-28,6,4565,82,-1.6666666666666667
2025-10-29,2,60,5,-2.5
2025-10-30,9,57027,272,0.5555555555555556
2025-10-31,11,135,12,0.0
2025-11-01,10,6282,35,0.0
2025-11-02,3,193,4,1.6666666666666667
2025-11-03,9,4331,198,1.1111111111111112
2025-11-04,2,22,2,-2.5
2025-11-05,7,2684,15,-0.7142857142857143
2025-11-06,5,3188,50,3.0
2025-11-07,4,129,11,-1.25
2025-11-08,4,51,10,-1.25
2025-11-09,9,63632,820,0.5555555555555556
2025-11-10,4,33,4,-1.25
2025-11-11,6,678,11,-2.5
2025-11-12,2,1220,34,2.5
2025-11-13,6,1193,118,2.5
2025-11-14,35,7990,52,-0.14285714285714285
2025-11-15,10,418,8,2.0
2025-11-16,5,5,3,0.0
2025-11-17,3,369,5,1.6666666666666667
2025-11-18,5,7624,104,0.0
2025-11-19,2,0,0,2.5
2025-11-20,3,48,3,1.6666666666666667
2025-11-21,9,5261,61,1.6666666666666667
2025-11-22,12,3066,36,0.4166666666666667
2025-11-23,6,504,7,2.5
2025-11-24,1,0,0,0.0
2025-11-25,7,1476,33,-1.4285714285714286
2025-11-26,4,36,6,1.25
2025-11-27,3,158,12,0.0
2025-11-28,3,53,3,-1.6666666666666667
2025-11-29,4,1,0,2.5
2025-11-30,2,154988,469,-2.5
2025-12-01,6,967,5,-1.6666666666666667
2025-12-02,3,25771,252,-1.6666666666666667
2025-12-03,3,36,2,5.0
2025-12-04,4,130,12,1.25
2025-12-05,4,6648,39,0.0
2025-12-06,4,249,5,1.25
2025-12-07,8,1986,79,-0.625
2025-12-08,9,27839,159,-1.1111111111111112
2025-12-09,5,1383,30,-4.0
2025-12-10,12,305,35,-1.25
2025-12-11,17,7510,9,0.5882352941176471
2025-12-12,6,3497,34,0.0
2025-12-13,8,644,9,2.5
2025-12-14,5,93,2,1.0
2025-12-15,3,0,0,1.6666666666666667
2025-12-16,9,1700,54,1.6666666666666667
2025-12-17,3,1470,15,-1.6666666666666667
2025-12-18,7,2206,23,0.7142857142857143
2025-12-19,238,129518,576,-3.3823529411764706
2025-12-20,21,1689,28,-1.1904761904761905
2025-12-21,4,853,52,-1.25
2025-12-22,6,1236,20,0.0
2025-12-23,3,2884,6,0.0
2025-12-24,4,11,6,0.0
2025-12-25,10,1146,21,-1.5
2025-12-26,4,1105,15,0.0
2025-12-27,5,14,2,1.0
2025-12-28,4,23,9,1.25
2025-12-29,1,17,2,5.0
2025-12-30,5,1442,4,-1.0
2025-12-31,39,101999,510,-4.358974358974359
2026-01-01,9,2316,9,-3.888888888888889
2026-01-02,10,8827,41,-0.5
2026-01-03,7,8980,143,-2.142857142857143
2026-01-04,5,3716,44,-2.0
2026-01-05,22,32268,361,-0.22727272727272727
2026-01-06,19,13669,116,0.0
2026-01-07,16,487687,2974,-2.1875
2026-01-08,15,6056,174,-3.0
2026-01-09,61,46786,175,-3.1147540983606556
2026-01-10,36,96225,1033,-1.8055555555555556
2026-01-11,13,1536,41,0.7692307692307693
2026-01-12,4,60,3,0.0
2026-01-13,14,217172,1670,-0.35714285714285715
2026-01-14,17,34071,170,-2.6470588235294117
2026-01-15,9,6118,82,-1.1111111111111112
2026-01-16,10,5710,74,-1.5
2026-01-17,21,293205,3114,-2.380952380952381
2026-01-18,11,81588,1761,0.45454545454545453
2026-01-19,12,132,11,-0.4166666666666667
2026-01-20,18,817,27,-1.1111111111111112
2026-01-21,14,91,16,-0.35714285714285715
